business_id,username,password_hash,role
MTSW4McQd7CbVtyjqoe9mw,st_honore_pastries@demo.com,$2b$12$ZZSaIQdlRp3R9sR1BDD1yO0QclBjrnIdG.QD.F.s6niJQhkaQM/Lq,user
k0hlBqXX-Bt0vf1op7Jr1w,tsevi's_pub_and_grill@demo.com,$2b$12$ZZSaIQdlRp3R9sR1BDD1yO0QclBjrnIdG.QD.F.s6niJQhkaQM/Lq,user
il_Ro8jwPlHresjw9EGmBg,denny's@demo.com,$2b$12$ZZSaIQdlRp3R9sR1BDD1yO0QclBjrnIdG.QD.F.s6niJQhkaQM/Lq,user
0bPLkL0QhhPO5kt1_EXmNQ,zio's_italian_market@demo.com,$2b$12$ZZSaIQdlRp3R9sR1BDD1yO0QclBjrnIdG.QD.F.s6niJQhkaQM/Lq,user
MUTTqe8uqyMdBl186RmNeA,tuna_bar@demo.com,$2b$12$ZZSaIQdlRp3R9sR1BDD1yO0QclBjrnIdG.QD.F.s6niJQhkaQM/Lq,user
ROeacJQwBeh05Rqg7F6TCg,bap@demo.com,$2b$12$ZZSaIQdlRp3R9sR1BDD1yO0QclBjrnIdG.QD.F.s6niJQhkaQM/Lq,user
WKMJwqnfZKsAae75RMP6jA,roast_coffeehouse_and_wine_bar@demo.com,$2b$12$ZZSaIQdlRp3R9sR1BDD1yO0QclBjrnIdG.QD.F.s6niJQhkaQM/Lq,user
kfNv-JZpuN6TVNSO6hHdkw,hibachi_express@demo.com,$2b$12$ZZSaIQdlRp3R9sR1BDD1yO0QclBjrnIdG.QD.F.s6niJQhkaQM/Lq,user
9OG5YkX1g2GReZM0AskizA,romano's_macaroni_grill@demo.com,$2b$12$ZZSaIQdlRp3R9sR1BDD1yO0QclBjrnIdG.QD.F.s6niJQhkaQM/Lq,user
tMkwHmWFUEXrC9ZduonpTg,the_green_pheasant@demo.com,$2b$12$ZZSaIQdlRp3R9sR1BDD1yO0QclBjrnIdG.QD.F.s6niJQhkaQM/Lq,user
QdN72BWoyFypdGJhhI5r7g,bar_one@demo.com,$2b$12$ZZSaIQdlRp3R9sR1BDD1yO0QclBjrnIdG.QD.F.s6niJQhkaQM/Lq,user
Mjboz24M9NlBeiOJKLEd_Q,desandro_on_main@demo.com,$2b$12$ZZSaIQdlRp3R9sR1BDD1yO0QclBjrnIdG.QD.F.s6niJQhkaQM/Lq,user
kV_Q1oqis8Qli8dUoGpTyQ,ardmore_pizza@demo.com,$2b$12$ZZSaIQdlRp3R9sR1BDD1yO0QclBjrnIdG.QD.F.s6niJQhkaQM/Lq,user
aPNXGTDkf-4bjhyMBQxqpQ,craft_hall@demo.com,$2b$12$ZZSaIQdlRp3R9sR1BDD1yO0QclBjrnIdG.QD.F.s6niJQhkaQM/Lq,user
2xVsWBNFwZOxIOdd9Mwnww,cheeseburger_in_paradise@demo.com,$2b$12$ZZSaIQdlRp3R9sR1BDD1yO0QclBjrnIdG.QD.F.s6niJQhkaQM/Lq,user
ljxNT9p0y7YMPx0fcNBGig,tony's_restaurant_&_3rd_street_cafe@demo.com,$2b$12$ZZSaIQdlRp3R9sR1BDD1yO0QclBjrnIdG.QD.F.s6niJQhkaQM/Lq,user
wghnIlMb_i5U46HMBGx9ig,china_dragon_restaurant@demo.com,$2b$12$ZZSaIQdlRp3R9sR1BDD1yO0QclBjrnIdG.QD.F.s6niJQhkaQM/Lq,user
JX4tUpd09YFchLBuI43lGw,naked_cyber_cafe_&_espresso_bar@demo.com,$2b$12$ZZSaIQdlRp3R9sR1BDD1yO0QclBjrnIdG.QD.F.s6niJQhkaQM/Lq,user
lk9IwjZXqUMqqOhM774DtQ,caviar_&_bananas@demo.com,$2b$12$ZZSaIQdlRp3R9sR1BDD1yO0QclBjrnIdG.QD.F.s6niJQhkaQM/Lq,user
5BmQX4UVJY19mMtafMg7JA,breadland_organic_whole_grain_bakery@demo.com,$2b$12$ZZSaIQdlRp3R9sR1BDD1yO0QclBjrnIdG.QD.F.s6niJQhkaQM/Lq,user
cVBxfMC4lp3DnocjYA3FHQ,paws_the_cat_cafe@demo.com,$2b$12$ZZSaIQdlRp3R9sR1BDD1yO0QclBjrnIdG.QD.F.s6niJQhkaQM/Lq,user
txyXRytGjwOXvS8s4sc-WA,smoothie_king@demo.com,$2b$12$ZZSaIQdlRp3R9sR1BDD1yO0QclBjrnIdG.QD.F.s6niJQhkaQM/Lq,user
uI9XODGY_2_ieTE6xJ0myw,roman_forum@demo.com,$2b$12$ZZSaIQdlRp3R9sR1BDD1yO0QclBjrnIdG.QD.F.s6niJQhkaQM/Lq,user
JgpnXv_0XhV3SfbfB50nxw,joe's_pizza@demo.com,$2b$12$ZZSaIQdlRp3R9sR1BDD1yO0QclBjrnIdG.QD.F.s6niJQhkaQM/Lq,user
Si6LXSR9gvAbmgO5DzV2cw,lafitte's_landing_seafood_house@demo.com,$2b$12$ZZSaIQdlRp3R9sR1BDD1yO0QclBjrnIdG.QD.F.s6niJQhkaQM/Lq,user
seKihQKpGGnCeLuELRQPSQ,twin_peaks@demo.com,$2b$12$ZZSaIQdlRp3R9sR1BDD1yO0QclBjrnIdG.QD.F.s6niJQhkaQM/Lq,user
L_TT0BFmFwORAMaA83K54A,village_tap_room@demo.com,$2b$12$ZZSaIQdlRp3R9sR1BDD1yO0QclBjrnIdG.QD.F.s6niJQhkaQM/Lq,user
qfWJmJ0g96eM_fWma3ja0g,doc_magrogan's_oyster_house_-_west_chester@demo.com,$2b$12$ZZSaIQdlRp3R9sR1BDD1yO0QclBjrnIdG.QD.F.s6niJQhkaQM/Lq,user
lOP3HxdUTaq0eXhwR_KC-w,sweet_things_chocolates@demo.com,$2b$12$ZZSaIQdlRp3R9sR1BDD1yO0QclBjrnIdG.QD.F.s6niJQhkaQM/Lq,user
8rb-3VYXE37IZix4yOdskw,sharky's_sports_bar_&_grill@demo.com,$2b$12$ZZSaIQdlRp3R9sR1BDD1yO0QclBjrnIdG.QD.F.s6niJQhkaQM/Lq,user
aCDY7vXYMs54EbYuQScsnQ,39_north_taproom_&_grill@demo.com,$2b$12$ZZSaIQdlRp3R9sR1BDD1yO0QclBjrnIdG.QD.F.s6niJQhkaQM/Lq,user
-4dYswJy7SPcbcERvitmIg,pathmark@demo.com,$2b$12$ZZSaIQdlRp3R9sR1BDD1yO0QclBjrnIdG.QD.F.s6niJQhkaQM/Lq,user
pJfh3Ct8iL58NZa8ta-a5w,top_shelf_sports_lounge@demo.com,$2b$12$ZZSaIQdlRp3R9sR1BDD1yO0QclBjrnIdG.QD.F.s6niJQhkaQM/Lq,user
7clCBgNbd-x2Wj96lZ6Mjw,bier_brewery_and_tap_room@demo.com,$2b$12$ZZSaIQdlRp3R9sR1BDD1yO0QclBjrnIdG.QD.F.s6niJQhkaQM/Lq,user
ppFCk9aQkM338Rgwpl2F5A,wawa@demo.com,$2b$12$ZZSaIQdlRp3R9sR1BDD1yO0QclBjrnIdG.QD.F.s6niJQhkaQM/Lq,user
IDtLPgUrqorrpqSLdfMhZQ,helena_avenue_bakery@demo.com,$2b$12$ZZSaIQdlRp3R9sR1BDD1yO0QclBjrnIdG.QD.F.s6niJQhkaQM/Lq,user
YNjyv0gfOr2g8lbmUpTnKg,copper_vine@demo.com,$2b$12$ZZSaIQdlRp3R9sR1BDD1yO0QclBjrnIdG.QD.F.s6niJQhkaQM/Lq,user
oaboaRBUgGjbo2kfUIKDLQ,mike's_ice_cream@demo.com,$2b$12$ZZSaIQdlRp3R9sR1BDD1yO0QclBjrnIdG.QD.F.s6niJQhkaQM/Lq,user
pEm4xNCk8d0TF6A1gi-WDQ,tko_djs@demo.com,$2b$12$ZZSaIQdlRp3R9sR1BDD1yO0QclBjrnIdG.QD.F.s6niJQhkaQM/Lq,user
1MeIwdbTnZOBFCKOrgaxuw,ricardo's_italian_cafe@demo.com,$2b$12$ZZSaIQdlRp3R9sR1BDD1yO0QclBjrnIdG.QD.F.s6niJQhkaQM/Lq,user
TLZ3-eDPLhUzfsWO4ad6Ug,mahony's_po-boys_&_seafood@demo.com,$2b$12$ZZSaIQdlRp3R9sR1BDD1yO0QclBjrnIdG.QD.F.s6niJQhkaQM/Lq,user
Dy91wdWkwtI_qgjAIZ0Niw,taqueria_los_primos@demo.com,$2b$12$ZZSaIQdlRp3R9sR1BDD1yO0QclBjrnIdG.QD.F.s6niJQhkaQM/Lq,user
vje0KIiE7vtpx7JzmBx5LQ,the_pearl@demo.com,$2b$12$ZZSaIQdlRp3R9sR1BDD1yO0QclBjrnIdG.QD.F.s6niJQhkaQM/Lq,user
VrGxoSNZfSiT-G4OqRRGIw,sunset_44_bistro@demo.com,$2b$12$ZZSaIQdlRp3R9sR1BDD1yO0QclBjrnIdG.QD.F.s6niJQhkaQM/Lq,user
sB45WFgysT617bKWP_WJwA,budweiser_brewery_experience@demo.com,$2b$12$ZZSaIQdlRp3R9sR1BDD1yO0QclBjrnIdG.QD.F.s6niJQhkaQM/Lq,user
4dVrWc4Nhuw9apfk9BWEcA,walmart_supercenter@demo.com,$2b$12$ZZSaIQdlRp3R9sR1BDD1yO0QclBjrnIdG.QD.F.s6niJQhkaQM/Lq,user
kk_oEw1j3xQ-cJaAII8A0Q,giant_food_store@demo.com,$2b$12$ZZSaIQdlRp3R9sR1BDD1yO0QclBjrnIdG.QD.F.s6niJQhkaQM/Lq,user
VZzivJEbmHItOxNXJB3SpA,subway@demo.com,$2b$12$ZZSaIQdlRp3R9sR1BDD1yO0QclBjrnIdG.QD.F.s6niJQhkaQM/Lq,user
anLQj9AM8vjbcLSIE0iUgg,papa_murphy's@demo.com,$2b$12$ZZSaIQdlRp3R9sR1BDD1yO0QclBjrnIdG.QD.F.s6niJQhkaQM/Lq,user
Cdytv_YhJO0W0Ab8t2xLtg,nipper's_pub@demo.com,$2b$12$ZZSaIQdlRp3R9sR1BDD1yO0QclBjrnIdG.QD.F.s6niJQhkaQM/Lq,user
3BJxm-HnvzdwD1zjmSbmyQ,golden_chopstick_chinese_restaurant@demo.com,$2b$12$ZZSaIQdlRp3R9sR1BDD1yO0QclBjrnIdG.QD.F.s6niJQhkaQM/Lq,user
FRYkg_JvsWU9xIXZsEZcVA,altamura@demo.com,$2b$12$ZZSaIQdlRp3R9sR1BDD1yO0QclBjrnIdG.QD.F.s6niJQhkaQM/Lq,user
9C2rpb56aQvW0ViZHK9sPw,home_plate_sports_pub@demo.com,$2b$12$ZZSaIQdlRp3R9sR1BDD1yO0QclBjrnIdG.QD.F.s6niJQhkaQM/Lq,user
k0yyD71s2F2eEKWRdkZ6jA,cold_stone_creamery@demo.com,$2b$12$ZZSaIQdlRp3R9sR1BDD1yO0QclBjrnIdG.QD.F.s6niJQhkaQM/Lq,user
dM5OKNzk9AL2aiq-fV-SYg,walmart_supercenter@demo.com,$2b$12$ZZSaIQdlRp3R9sR1BDD1yO0QclBjrnIdG.QD.F.s6niJQhkaQM/Lq,user
0vCsslN-TYnDeOSNT4rIfg,whole_foods_market@demo.com,$2b$12$ZZSaIQdlRp3R9sR1BDD1yO0QclBjrnIdG.QD.F.s6niJQhkaQM/Lq,user
zFvqulgAYOpSG2t1v8AZ-w,the_cake_drip@demo.com,$2b$12$ZZSaIQdlRp3R9sR1BDD1yO0QclBjrnIdG.QD.F.s6niJQhkaQM/Lq,user
SZU9c8V2GuREDN5KgyHFJw,santa_barbara_shellfish_company@demo.com,$2b$12$ZZSaIQdlRp3R9sR1BDD1yO0QclBjrnIdG.QD.F.s6niJQhkaQM/Lq,user
Lx8ZYUJ_-3Aa8N821mN1WQ,alm_kainan@demo.com,$2b$12$ZZSaIQdlRp3R9sR1BDD1yO0QclBjrnIdG.QD.F.s6niJQhkaQM/Lq,user
WYYdQDjx-DsCanlP0DpImQ,j_sushi@demo.com,$2b$12$ZZSaIQdlRp3R9sR1BDD1yO0QclBjrnIdG.QD.F.s6niJQhkaQM/Lq,user
aNtKyc2rr-uK5cqzY9TVQQ,chipotle_mexican_grill@demo.com,$2b$12$ZZSaIQdlRp3R9sR1BDD1yO0QclBjrnIdG.QD.F.s6niJQhkaQM/Lq,user
hUQ9Z7kQeabvhPOAQOVV1A,rathbone_mansions@demo.com,$2b$12$ZZSaIQdlRp3R9sR1BDD1yO0QclBjrnIdG.QD.F.s6niJQhkaQM/Lq,user
X_E7U2lVNEwbH_gpOBmAHQ,cerveza_jack's@demo.com,$2b$12$ZZSaIQdlRp3R9sR1BDD1yO0QclBjrnIdG.QD.F.s6niJQhkaQM/Lq,user
G4lRmwDHdvhZAhmtlsYYBw,wendy's@demo.com,$2b$12$ZZSaIQdlRp3R9sR1BDD1yO0QclBjrnIdG.QD.F.s6niJQhkaQM/Lq,user
BxhkoR6cscJwwex8gx31OA,bar-b-cutie@demo.com,$2b$12$ZZSaIQdlRp3R9sR1BDD1yO0QclBjrnIdG.QD.F.s6niJQhkaQM/Lq,user
Ms5xG8i4p80KSMcF3tt4ug,sal_deforte's_ristorante@demo.com,$2b$12$ZZSaIQdlRp3R9sR1BDD1yO0QclBjrnIdG.QD.F.s6niJQhkaQM/Lq,user
ORL4JE6tz3rJxVqkdKfegA,gaylord_opryland_resort_&_convention_center@demo.com,$2b$12$ZZSaIQdlRp3R9sR1BDD1yO0QclBjrnIdG.QD.F.s6niJQhkaQM/Lq,user
P10BsKUeoeCeVoK4BS2u0w,trust_me_bbq@demo.com,$2b$12$ZZSaIQdlRp3R9sR1BDD1yO0QclBjrnIdG.QD.F.s6niJQhkaQM/Lq,user
7Du9oW73YcYFmXdtU5aiSg,kinjo's_japanese_restaurant@demo.com,$2b$12$ZZSaIQdlRp3R9sR1BDD1yO0QclBjrnIdG.QD.F.s6niJQhkaQM/Lq,user
FTFtoylMzkrzqNVSl-bkKw,giant_food_stores@demo.com,$2b$12$ZZSaIQdlRp3R9sR1BDD1yO0QclBjrnIdG.QD.F.s6niJQhkaQM/Lq,user
59jkCUm4yHciKL1KW_1HJA,roma_pizza_&_italian_eatery@demo.com,$2b$12$ZZSaIQdlRp3R9sR1BDD1yO0QclBjrnIdG.QD.F.s6niJQhkaQM/Lq,user
AzwiKZjVqHOxLaYtPAx8lA,target@demo.com,$2b$12$ZZSaIQdlRp3R9sR1BDD1yO0QclBjrnIdG.QD.F.s6niJQhkaQM/Lq,user
yM8LlTInbQH4FwWC97lz6w,mcdonald's@demo.com,$2b$12$ZZSaIQdlRp3R9sR1BDD1yO0QclBjrnIdG.QD.F.s6niJQhkaQM/Lq,user
3S9GYtMOYhbZl4MMPOHT0Q,the_handlebar_boise@demo.com,$2b$12$ZZSaIQdlRp3R9sR1BDD1yO0QclBjrnIdG.QD.F.s6niJQhkaQM/Lq,user
CtMEJxpVMlNzFpB4PtFjfA,aussie_grill@demo.com,$2b$12$ZZSaIQdlRp3R9sR1BDD1yO0QclBjrnIdG.QD.F.s6niJQhkaQM/Lq,user
vPcfJ3rm3NpdqVDod2WxLA,china_pearl@demo.com,$2b$12$ZZSaIQdlRp3R9sR1BDD1yO0QclBjrnIdG.QD.F.s6niJQhkaQM/Lq,user
pmuuoDqNZp7518AUd-YmPA,bagelicious_-_king_of_prussia@demo.com,$2b$12$ZZSaIQdlRp3R9sR1BDD1yO0QclBjrnIdG.QD.F.s6niJQhkaQM/Lq,user
2dlQX5sP9X6Dlm1MmNOlSw,reanimator_coffee@demo.com,$2b$12$ZZSaIQdlRp3R9sR1BDD1yO0QclBjrnIdG.QD.F.s6niJQhkaQM/Lq,user
IYlUaKC9nICjiWdk-ShPlg,bub's_cafe@demo.com,$2b$12$ZZSaIQdlRp3R9sR1BDD1yO0QclBjrnIdG.QD.F.s6niJQhkaQM/Lq,user
LVYAXWQB3t7tdwWteyjfhw,option_1_barber_shop@demo.com,$2b$12$ZZSaIQdlRp3R9sR1BDD1yO0QclBjrnIdG.QD.F.s6niJQhkaQM/Lq,user
ULReFPrCIDRbGKwP3ZsHwg,eddie's_southtown_donuts@demo.com,$2b$12$ZZSaIQdlRp3R9sR1BDD1yO0QclBjrnIdG.QD.F.s6niJQhkaQM/Lq,user
Dtuf4vD0znzwJW9vk3iTNw,tomo_japanese_steakhouse_and_sushi_bar@demo.com,$2b$12$ZZSaIQdlRp3R9sR1BDD1yO0QclBjrnIdG.QD.F.s6niJQhkaQM/Lq,user
Ucl9Vo5lwrUmYbV8Dv8X5g,o'briens_irish_pub@demo.com,$2b$12$ZZSaIQdlRp3R9sR1BDD1yO0QclBjrnIdG.QD.F.s6niJQhkaQM/Lq,user
wjyUxHxkrvUvCOVqy4g_wg,oscar's_cafe@demo.com,$2b$12$ZZSaIQdlRp3R9sR1BDD1yO0QclBjrnIdG.QD.F.s6niJQhkaQM/Lq,user
Y6heWJJ9AmEL58fZwgi9YQ,rosati's_pizza@demo.com,$2b$12$ZZSaIQdlRp3R9sR1BDD1yO0QclBjrnIdG.QD.F.s6niJQhkaQM/Lq,user
bTve2mwLk5Zc01vRKqc2KQ,red_hook_coffee_&_tea@demo.com,$2b$12$ZZSaIQdlRp3R9sR1BDD1yO0QclBjrnIdG.QD.F.s6niJQhkaQM/Lq,user
7FHjj04Wy2aqXl22NA_C0g,aldi@demo.com,$2b$12$ZZSaIQdlRp3R9sR1BDD1yO0QclBjrnIdG.QD.F.s6niJQhkaQM/Lq,user
6czqMScx8MRDirv7fxX7pw,frankie's_fruit_bar@demo.com,$2b$12$ZZSaIQdlRp3R9sR1BDD1yO0QclBjrnIdG.QD.F.s6niJQhkaQM/Lq,user
xbRbvXSAVZBEwaUUn3mzbg,lee_roy_selmon's@demo.com,$2b$12$ZZSaIQdlRp3R9sR1BDD1yO0QclBjrnIdG.QD.F.s6niJQhkaQM/Lq,user
uDQgmudYDKiB6n4vwbEeDg,chrysalis@demo.com,$2b$12$ZZSaIQdlRp3R9sR1BDD1yO0QclBjrnIdG.QD.F.s6niJQhkaQM/Lq,user
v5kwdvmg-J8g-ll0nkc3Sw,the_libertine_liquor_bar@demo.com,$2b$12$ZZSaIQdlRp3R9sR1BDD1yO0QclBjrnIdG.QD.F.s6niJQhkaQM/Lq,user
bqmX882_6AxVA_uHEQ70sQ,shanghai_station@demo.com,$2b$12$ZZSaIQdlRp3R9sR1BDD1yO0QclBjrnIdG.QD.F.s6niJQhkaQM/Lq,user
TzrA1TsKMKbrZBkw3q6DEQ,scout's_treat_truck@demo.com,$2b$12$ZZSaIQdlRp3R9sR1BDD1yO0QclBjrnIdG.QD.F.s6niJQhkaQM/Lq,user
Edg22x3CZkIv0GUib2oEFA,mellow_mushroom@demo.com,$2b$12$ZZSaIQdlRp3R9sR1BDD1yO0QclBjrnIdG.QD.F.s6niJQhkaQM/Lq,user
VVvUBlc_WIEb8obKGq39dA,four_green_fields@demo.com,$2b$12$ZZSaIQdlRp3R9sR1BDD1yO0QclBjrnIdG.QD.F.s6niJQhkaQM/Lq,user
py5aKmlTB2NarfsfcOpHOQ,cafe_con_leche@demo.com,$2b$12$ZZSaIQdlRp3R9sR1BDD1yO0QclBjrnIdG.QD.F.s6niJQhkaQM/Lq,user
wZhGuW7vQpfhxeEvLHkTrA,express_cafe@demo.com,$2b$12$ZZSaIQdlRp3R9sR1BDD1yO0QclBjrnIdG.QD.F.s6niJQhkaQM/Lq,user
YR0nwxBOKk6DiLHNItfsBQ,boston_pizza@demo.com,$2b$12$ZZSaIQdlRp3R9sR1BDD1yO0QclBjrnIdG.QD.F.s6niJQhkaQM/Lq,user
s_lHc_CrkzOTY3k4VNtN8w,indy_fuel@demo.com,$2b$12$ZZSaIQdlRp3R9sR1BDD1yO0QclBjrnIdG.QD.F.s6niJQhkaQM/Lq,user
_T0cPZE2ZJOTTlYYKMP64Q,brown_sugar_bakery_&_cafe@demo.com,$2b$12$ZZSaIQdlRp3R9sR1BDD1yO0QclBjrnIdG.QD.F.s6niJQhkaQM/Lq,user
dJfkfBbJz7wi0RgW-ph_Eg,sake_house@demo.com,$2b$12$ZZSaIQdlRp3R9sR1BDD1yO0QclBjrnIdG.QD.F.s6niJQhkaQM/Lq,user
VbItL6RDULtnw4YvB6EhVg,jon's_bar_&_grille@demo.com,$2b$12$ZZSaIQdlRp3R9sR1BDD1yO0QclBjrnIdG.QD.F.s6niJQhkaQM/Lq,user
W57cR9a7XP6RX56MSWHJJA,las_margaritas@demo.com,$2b$12$ZZSaIQdlRp3R9sR1BDD1yO0QclBjrnIdG.QD.F.s6niJQhkaQM/Lq,user
x7_p5O3ChQa7shdHCcLHZQ,olivier's_creole_restaurant@demo.com,$2b$12$ZZSaIQdlRp3R9sR1BDD1yO0QclBjrnIdG.QD.F.s6niJQhkaQM/Lq,user
JF7iyI3wA_AKi_iXOKi0Qw,parlor_suburban_square@demo.com,$2b$12$ZZSaIQdlRp3R9sR1BDD1yO0QclBjrnIdG.QD.F.s6niJQhkaQM/Lq,user
usv5G5cO314pPHRTGq2Eyw,best_tours@demo.com,$2b$12$ZZSaIQdlRp3R9sR1BDD1yO0QclBjrnIdG.QD.F.s6niJQhkaQM/Lq,user
1dSKEitDDgIkaApe6UNMSA,the_pepper_pott@demo.com,$2b$12$ZZSaIQdlRp3R9sR1BDD1yO0QclBjrnIdG.QD.F.s6niJQhkaQM/Lq,user
rZw9O5lJ36m_mXeRKE4G9A,la_sponda@demo.com,$2b$12$ZZSaIQdlRp3R9sR1BDD1yO0QclBjrnIdG.QD.F.s6niJQhkaQM/Lq,user
dCITjr2RMTmrX33_eFaMKA,burgerworks@demo.com,$2b$12$ZZSaIQdlRp3R9sR1BDD1yO0QclBjrnIdG.QD.F.s6niJQhkaQM/Lq,user
Pr_Mlt9FqdcW7WCFGJmozA,the_cider_factory@demo.com,$2b$12$ZZSaIQdlRp3R9sR1BDD1yO0QclBjrnIdG.QD.F.s6niJQhkaQM/Lq,user
-7GDqSUaXrpC8Ql7nDBxWA,b2_bluefin@demo.com,$2b$12$ZZSaIQdlRp3R9sR1BDD1yO0QclBjrnIdG.QD.F.s6niJQhkaQM/Lq,user
tuyCmcmm5Q-bc-9zV76xKA,pho_friendly@demo.com,$2b$12$ZZSaIQdlRp3R9sR1BDD1yO0QclBjrnIdG.QD.F.s6niJQhkaQM/Lq,user
p184f-Zvf4ToPwLba0VS4A,misto_diner@demo.com,$2b$12$ZZSaIQdlRp3R9sR1BDD1yO0QclBjrnIdG.QD.F.s6niJQhkaQM/Lq,user
zVlhs7BVaouutt-rles-YA,williams_sub_shop@demo.com,$2b$12$ZZSaIQdlRp3R9sR1BDD1yO0QclBjrnIdG.QD.F.s6niJQhkaQM/Lq,user
1E9o1SNo7UTf1XHTFPv1_Q,franklin_juice_co@demo.com,$2b$12$ZZSaIQdlRp3R9sR1BDD1yO0QclBjrnIdG.QD.F.s6niJQhkaQM/Lq,user
0CEUpFtaKhxbmrbSdP9MUQ,acadia@demo.com,$2b$12$ZZSaIQdlRp3R9sR1BDD1yO0QclBjrnIdG.QD.F.s6niJQhkaQM/Lq,user
f82dhKNiUXsDVPMLqKYiIQ,sher-e-punjab@demo.com,$2b$12$ZZSaIQdlRp3R9sR1BDD1yO0QclBjrnIdG.QD.F.s6niJQhkaQM/Lq,user
FF45pKN_lzqG8Bqk-_HQvw,go!_gyro!_go!@demo.com,$2b$12$ZZSaIQdlRp3R9sR1BDD1yO0QclBjrnIdG.QD.F.s6niJQhkaQM/Lq,user
GrzCVNDTRODqNez4zb4RLw,the_music_box_village@demo.com,$2b$12$ZZSaIQdlRp3R9sR1BDD1yO0QclBjrnIdG.QD.F.s6niJQhkaQM/Lq,user
TEP-73fGvgSUmtQFaOTA_g,the_steak_out@demo.com,$2b$12$ZZSaIQdlRp3R9sR1BDD1yO0QclBjrnIdG.QD.F.s6niJQhkaQM/Lq,user
b7YJrFZWZdI2C5-9nZvVdw,saltwater_grill@demo.com,$2b$12$ZZSaIQdlRp3R9sR1BDD1yO0QclBjrnIdG.QD.F.s6niJQhkaQM/Lq,user
SRexiuEsx1d9-dZVUsssQA,brandon_burgers@demo.com,$2b$12$ZZSaIQdlRp3R9sR1BDD1yO0QclBjrnIdG.QD.F.s6niJQhkaQM/Lq,user
xJyp6RLqNRv3tSu6njPKxQ,world_of_beer@demo.com,$2b$12$ZZSaIQdlRp3R9sR1BDD1yO0QclBjrnIdG.QD.F.s6niJQhkaQM/Lq,user
1P_mGUY1PyPq7_ZabrzpBw,carmine's_steakhouse@demo.com,$2b$12$ZZSaIQdlRp3R9sR1BDD1yO0QclBjrnIdG.QD.F.s6niJQhkaQM/Lq,user
XwoXi0M66RU6Gouq-DSDHw,g_peppers_grill_&_tavern@demo.com,$2b$12$ZZSaIQdlRp3R9sR1BDD1yO0QclBjrnIdG.QD.F.s6niJQhkaQM/Lq,user
1vmx7_L210UBbOWLzrhepQ,chicago_music_store@demo.com,$2b$12$ZZSaIQdlRp3R9sR1BDD1yO0QclBjrnIdG.QD.F.s6niJQhkaQM/Lq,user
OfW-VK04qr7b7bPm5QbyLg,taqueria_feliz@demo.com,$2b$12$ZZSaIQdlRp3R9sR1BDD1yO0QclBjrnIdG.QD.F.s6niJQhkaQM/Lq,user
Qa1YQzo00sm9O0JUlwdCQw,taste_of_nawlins@demo.com,$2b$12$ZZSaIQdlRp3R9sR1BDD1yO0QclBjrnIdG.QD.F.s6niJQhkaQM/Lq,user
0DbIUh_Xuj6H5B_SF0RLCQ,iguana's_mexican_restaurant@demo.com,$2b$12$ZZSaIQdlRp3R9sR1BDD1yO0QclBjrnIdG.QD.F.s6niJQhkaQM/Lq,user
bSJczuohHVko33UT82hnfA,blaze_pizza@demo.com,$2b$12$ZZSaIQdlRp3R9sR1BDD1yO0QclBjrnIdG.QD.F.s6niJQhkaQM/Lq,user
PCM-vL-vRLJ4HB2OE8Nnbg,baxter's_saloon_&_grill@demo.com,$2b$12$ZZSaIQdlRp3R9sR1BDD1yO0QclBjrnIdG.QD.F.s6niJQhkaQM/Lq,user
8YJtf5v76SIz-4udyF4YmA,the_hideout_coffee_house@demo.com,$2b$12$ZZSaIQdlRp3R9sR1BDD1yO0QclBjrnIdG.QD.F.s6niJQhkaQM/Lq,user
aNXw3PkXVt8ANwLyCfcmpg,mcdonald's@demo.com,$2b$12$ZZSaIQdlRp3R9sR1BDD1yO0QclBjrnIdG.QD.F.s6niJQhkaQM/Lq,user
GVqXNt0HKJLpciN9ePxnWw,crown_fried_chicken@demo.com,$2b$12$ZZSaIQdlRp3R9sR1BDD1yO0QclBjrnIdG.QD.F.s6niJQhkaQM/Lq,user
VeqkfRUzZAKlQer3npXPdQ,new_india's_kitchen@demo.com,$2b$12$ZZSaIQdlRp3R9sR1BDD1yO0QclBjrnIdG.QD.F.s6niJQhkaQM/Lq,user
dChRGpit9fM_kZK5pafNyA,the_love@demo.com,$2b$12$ZZSaIQdlRp3R9sR1BDD1yO0QclBjrnIdG.QD.F.s6niJQhkaQM/Lq,user
KdkMXzeoqpfNsZd-_axoTQ,empienada@demo.com,$2b$12$ZZSaIQdlRp3R9sR1BDD1yO0QclBjrnIdG.QD.F.s6niJQhkaQM/Lq,user
iBRXLFWD7PeSYDbKsd_JTw,mai_thai_restaurant@demo.com,$2b$12$ZZSaIQdlRp3R9sR1BDD1yO0QclBjrnIdG.QD.F.s6niJQhkaQM/Lq,user
vFJIK-z3QWs-3XNjs1hcZQ,new_orleans_jazz_market@demo.com,$2b$12$ZZSaIQdlRp3R9sR1BDD1yO0QclBjrnIdG.QD.F.s6niJQhkaQM/Lq,user
od6skmfXz9twktEAuJHEmw,ryan_christopher@demo.com,$2b$12$ZZSaIQdlRp3R9sR1BDD1yO0QclBjrnIdG.QD.F.s6niJQhkaQM/Lq,user
cDekcTE1qwpz8ROlYixhqg,philly_homebrew_outlet_east@demo.com,$2b$12$ZZSaIQdlRp3R9sR1BDD1yO0QclBjrnIdG.QD.F.s6niJQhkaQM/Lq,user
j9Kaj_6tSeXmVMYCgZithg,noble_crust@demo.com,$2b$12$ZZSaIQdlRp3R9sR1BDD1yO0QclBjrnIdG.QD.F.s6niJQhkaQM/Lq,user
EIlFs8kybcG-l60GJjNUIA,domino's_pizza@demo.com,$2b$12$ZZSaIQdlRp3R9sR1BDD1yO0QclBjrnIdG.QD.F.s6niJQhkaQM/Lq,user
_7ks3u-qZsOTKBrXKcA1Ow,empire_beauty_school@demo.com,$2b$12$ZZSaIQdlRp3R9sR1BDD1yO0QclBjrnIdG.QD.F.s6niJQhkaQM/Lq,user
4xhGQGdGqU60BIznBjqnuA,california_tacos_and_taproom@demo.com,$2b$12$ZZSaIQdlRp3R9sR1BDD1yO0QclBjrnIdG.QD.F.s6niJQhkaQM/Lq,user
juVJO2kMrHwCYXwQQmv1Tg,sidekicks_pizza@demo.com,$2b$12$ZZSaIQdlRp3R9sR1BDD1yO0QclBjrnIdG.QD.F.s6niJQhkaQM/Lq,user
QWqKTWQ2OiDgo3dzNkpung,jong_ka_jib@demo.com,$2b$12$ZZSaIQdlRp3R9sR1BDD1yO0QclBjrnIdG.QD.F.s6niJQhkaQM/Lq,user
Wt1W6qwCvna1KzIuJRJbwA,tokyo_mandarin@demo.com,$2b$12$ZZSaIQdlRp3R9sR1BDD1yO0QclBjrnIdG.QD.F.s6niJQhkaQM/Lq,user
eJ77e9lGxY3ArzaoDbHhYw,paddy_whacks_irish_sports_pub_-_south_street@demo.com,$2b$12$ZZSaIQdlRp3R9sR1BDD1yO0QclBjrnIdG.QD.F.s6niJQhkaQM/Lq,user
fNssGWMjae-SUzyyGblspQ,apron@demo.com,$2b$12$ZZSaIQdlRp3R9sR1BDD1yO0QclBjrnIdG.QD.F.s6niJQhkaQM/Lq,user
QU6xxKwHXR6xQ5oi2yIKLw,bulk_barn@demo.com,$2b$12$ZZSaIQdlRp3R9sR1BDD1yO0QclBjrnIdG.QD.F.s6niJQhkaQM/Lq,user
kwQzVF5GP8DzdyBavvhIaQ,fisherman's_cove_seafood@demo.com,$2b$12$ZZSaIQdlRp3R9sR1BDD1yO0QclBjrnIdG.QD.F.s6niJQhkaQM/Lq,user
wFXwmrlV8TiBS4Ac2-W_9g,mosi_food_truck_rally@demo.com,$2b$12$ZZSaIQdlRp3R9sR1BDD1yO0QclBjrnIdG.QD.F.s6niJQhkaQM/Lq,user
ifjluUv4VASwmFqEp8cWlQ,marty's_pizza@demo.com,$2b$12$ZZSaIQdlRp3R9sR1BDD1yO0QclBjrnIdG.QD.F.s6niJQhkaQM/Lq,user
bPPy7yNFfb-6N_bHkn1qAw,taste_of_the_caribbean@demo.com,$2b$12$ZZSaIQdlRp3R9sR1BDD1yO0QclBjrnIdG.QD.F.s6niJQhkaQM/Lq,user
wQjhFPMKwN_z85aPEn6V4Q,thai_tanic@demo.com,$2b$12$ZZSaIQdlRp3R9sR1BDD1yO0QclBjrnIdG.QD.F.s6niJQhkaQM/Lq,user
7mpYTDb24SywNMRn3yeakQ,the_twisted_tail@demo.com,$2b$12$ZZSaIQdlRp3R9sR1BDD1yO0QclBjrnIdG.QD.F.s6niJQhkaQM/Lq,user
iEC0VzHM2hQ13wM7c0QwgQ,metro_diner@demo.com,$2b$12$ZZSaIQdlRp3R9sR1BDD1yO0QclBjrnIdG.QD.F.s6niJQhkaQM/Lq,user
D7z_V6E8cxXghSRcHAmUPg,la_bella_china_restaurant@demo.com,$2b$12$ZZSaIQdlRp3R9sR1BDD1yO0QclBjrnIdG.QD.F.s6niJQhkaQM/Lq,user
uW2oyOCEN3RgS7j2MfUIkg,the_bearded_lady_barbershop@demo.com,$2b$12$ZZSaIQdlRp3R9sR1BDD1yO0QclBjrnIdG.QD.F.s6niJQhkaQM/Lq,user
gb7JjRJtzWDsIWpJihZhBQ,mcdonald's@demo.com,$2b$12$ZZSaIQdlRp3R9sR1BDD1yO0QclBjrnIdG.QD.F.s6niJQhkaQM/Lq,user
JPm93BlP-UHYPqFgK66JUw,local_links@demo.com,$2b$12$ZZSaIQdlRp3R9sR1BDD1yO0QclBjrnIdG.QD.F.s6niJQhkaQM/Lq,user
VeFfrEZ4iWaecrQg6Eq4cg,cal_taco@demo.com,$2b$12$ZZSaIQdlRp3R9sR1BDD1yO0QclBjrnIdG.QD.F.s6niJQhkaQM/Lq,user
5iuo1kvv0XZMS0bUOoLz2Q,bistro_st._tropez@demo.com,$2b$12$ZZSaIQdlRp3R9sR1BDD1yO0QclBjrnIdG.QD.F.s6niJQhkaQM/Lq,user
hsyIDX4x4ndYEvPoJF6_1g,merendero_la_catrachitas@demo.com,$2b$12$ZZSaIQdlRp3R9sR1BDD1yO0QclBjrnIdG.QD.F.s6niJQhkaQM/Lq,user
rR30b1XWbxZFFgLyGbfNAw,bodhi_:_craft_bar_+_thai_bistro@demo.com,$2b$12$ZZSaIQdlRp3R9sR1BDD1yO0QclBjrnIdG.QD.F.s6niJQhkaQM/Lq,user
4QFqi8w3rlZTcc5LXKyPJw,chris'_pizza_village_pleasant_view@demo.com,$2b$12$ZZSaIQdlRp3R9sR1BDD1yO0QclBjrnIdG.QD.F.s6niJQhkaQM/Lq,user
RsTF2skxLcp6qo9FdnA5PA,pizza_hut@demo.com,$2b$12$ZZSaIQdlRp3R9sR1BDD1yO0QclBjrnIdG.QD.F.s6niJQhkaQM/Lq,user
bchZXVE4feVx4Q5rhIRCGg,ny_bagel_cafe_&_deli@demo.com,$2b$12$ZZSaIQdlRp3R9sR1BDD1yO0QclBjrnIdG.QD.F.s6niJQhkaQM/Lq,user
0Ze7pcwjyauf6steWfpV7g,hand_grenades_to_go@demo.com,$2b$12$ZZSaIQdlRp3R9sR1BDD1yO0QclBjrnIdG.QD.F.s6niJQhkaQM/Lq,user
QZLOM3T6xl7y1Q6zqoqHWg,freddy's_frozen_custard_&_steakburgers@demo.com,$2b$12$ZZSaIQdlRp3R9sR1BDD1yO0QclBjrnIdG.QD.F.s6niJQhkaQM/Lq,user
9qxMhGWjGsuPUoQB3Y74Wg,mcdonald's@demo.com,$2b$12$ZZSaIQdlRp3R9sR1BDD1yO0QclBjrnIdG.QD.F.s6niJQhkaQM/Lq,user
pJB63RaQpkTIKBhfTsLQQg,biryani_hut@demo.com,$2b$12$ZZSaIQdlRp3R9sR1BDD1yO0QclBjrnIdG.QD.F.s6niJQhkaQM/Lq,user
ngvE1G9IckUO-ljZBFo23w,mumbai_bistro@demo.com,$2b$12$ZZSaIQdlRp3R9sR1BDD1yO0QclBjrnIdG.QD.F.s6niJQhkaQM/Lq,user
46_2e1hnQ4csLrYnhn6bkw,whetstone_tavern@demo.com,$2b$12$ZZSaIQdlRp3R9sR1BDD1yO0QclBjrnIdG.QD.F.s6niJQhkaQM/Lq,user
TGfPJHImEq6AQL9a1laxlg,chick-fil-a@demo.com,$2b$12$ZZSaIQdlRp3R9sR1BDD1yO0QclBjrnIdG.QD.F.s6niJQhkaQM/Lq,user
CPgWuWGZ4v2sZr5_-1kluw,checkers@demo.com,$2b$12$ZZSaIQdlRp3R9sR1BDD1yO0QclBjrnIdG.QD.F.s6niJQhkaQM/Lq,user
VCkSUsdL5P0p16DAPxVROA,ny_bagel_&_deli_shop@demo.com,$2b$12$ZZSaIQdlRp3R9sR1BDD1yO0QclBjrnIdG.QD.F.s6niJQhkaQM/Lq,user
dIpTuL2T1L98GQGU17IeSw,the_bricks@demo.com,$2b$12$ZZSaIQdlRp3R9sR1BDD1yO0QclBjrnIdG.QD.F.s6niJQhkaQM/Lq,user
Oy7rU9H76PN1hsDU9EUt5g,philadelphia_room_escape@demo.com,$2b$12$ZZSaIQdlRp3R9sR1BDD1yO0QclBjrnIdG.QD.F.s6niJQhkaQM/Lq,user
XRkzSBTroG7kIdI7Z8ic6g,piccadilly@demo.com,$2b$12$ZZSaIQdlRp3R9sR1BDD1yO0QclBjrnIdG.QD.F.s6niJQhkaQM/Lq,user
bf34LpGej_MZbOlAKB1beQ,sherbrooke_liquor_store@demo.com,$2b$12$ZZSaIQdlRp3R9sR1BDD1yO0QclBjrnIdG.QD.F.s6niJQhkaQM/Lq,user
SoJwDKedR7SJh7-G69C38A,hong_kong_sunny@demo.com,$2b$12$ZZSaIQdlRp3R9sR1BDD1yO0QclBjrnIdG.QD.F.s6niJQhkaQM/Lq,user
X7FQ5k29A_RRYep7TOfjtw,"dawna_ara,_dacm,_lac@demo.com",$2b$12$ZZSaIQdlRp3R9sR1BDD1yO0QclBjrnIdG.QD.F.s6niJQhkaQM/Lq,user
FW1PXpUq-yOs-5O_gqz3AQ,big_mike's_bbq@demo.com,$2b$12$ZZSaIQdlRp3R9sR1BDD1yO0QclBjrnIdG.QD.F.s6niJQhkaQM/Lq,user
SlLfWzeYOrVBxCd-0QILZQ,the_boiling_house@demo.com,$2b$12$ZZSaIQdlRp3R9sR1BDD1yO0QclBjrnIdG.QD.F.s6niJQhkaQM/Lq,user
adATTqggIQX5xxLDISkFTw,just_churros@demo.com,$2b$12$ZZSaIQdlRp3R9sR1BDD1yO0QclBjrnIdG.QD.F.s6niJQhkaQM/Lq,user
pNu5bd9aL3jcJClfdQ86MQ,momo's_ouzaria_taverna@demo.com,$2b$12$ZZSaIQdlRp3R9sR1BDD1yO0QclBjrnIdG.QD.F.s6niJQhkaQM/Lq,user
bdfZdB2MTXlT6-RBjSIpQg,pho_bistro@demo.com,$2b$12$ZZSaIQdlRp3R9sR1BDD1yO0QclBjrnIdG.QD.F.s6niJQhkaQM/Lq,user
SwWfW3vBn5QkDE7T3urGAg,persis_biryani_indian_grill@demo.com,$2b$12$ZZSaIQdlRp3R9sR1BDD1yO0QclBjrnIdG.QD.F.s6niJQhkaQM/Lq,user
W4rgF_1eKzFZiGUOsgbGMA,amber_indian_restaurant@demo.com,$2b$12$ZZSaIQdlRp3R9sR1BDD1yO0QclBjrnIdG.QD.F.s6niJQhkaQM/Lq,user
yN6jZyG1G1FG_HCZQlJZ1g,city_barbeque@demo.com,$2b$12$ZZSaIQdlRp3R9sR1BDD1yO0QclBjrnIdG.QD.F.s6niJQhkaQM/Lq,user
00szsg8vQy6yX5f-m9sI4A,none_such_farm_market@demo.com,$2b$12$ZZSaIQdlRp3R9sR1BDD1yO0QclBjrnIdG.QD.F.s6niJQhkaQM/Lq,user
wCgIJhH_CTuwsSZPcafkng,dunkin'_donuts@demo.com,$2b$12$ZZSaIQdlRp3R9sR1BDD1yO0QclBjrnIdG.QD.F.s6niJQhkaQM/Lq,user
PW5eZM5RAQEhy3wgovChhQ,cafe_victoria's@demo.com,$2b$12$ZZSaIQdlRp3R9sR1BDD1yO0QclBjrnIdG.QD.F.s6niJQhkaQM/Lq,user
jGewGnIYcf9LFBcR8lMC5g,picasso_restaurant_&_bar@demo.com,$2b$12$ZZSaIQdlRp3R9sR1BDD1yO0QclBjrnIdG.QD.F.s6niJQhkaQM/Lq,user
-lVTNjVoTMOkD-eT--u0oA,el_rancho_nuevo@demo.com,$2b$12$ZZSaIQdlRp3R9sR1BDD1yO0QclBjrnIdG.QD.F.s6niJQhkaQM/Lq,user
jDCk9DEwSS_TamliID4QuQ,norma's_sweets_bakery@demo.com,$2b$12$ZZSaIQdlRp3R9sR1BDD1yO0QclBjrnIdG.QD.F.s6niJQhkaQM/Lq,user
6_Zf2QsRHCH1RhbzA9inyw,starbucks@demo.com,$2b$12$ZZSaIQdlRp3R9sR1BDD1yO0QclBjrnIdG.QD.F.s6niJQhkaQM/Lq,user
lPPYZr1_jx0XeW-xR9WJtw,dosc@demo.com,$2b$12$ZZSaIQdlRp3R9sR1BDD1yO0QclBjrnIdG.QD.F.s6niJQhkaQM/Lq,user
0sr1EyOc6Td1C-962QW88w,la_cucina_italian_eatery@demo.com,$2b$12$ZZSaIQdlRp3R9sR1BDD1yO0QclBjrnIdG.QD.F.s6niJQhkaQM/Lq,user
SFKjUQ1gmfwm7cJhMCFmkA,zigzag_scallop@demo.com,$2b$12$ZZSaIQdlRp3R9sR1BDD1yO0QclBjrnIdG.QD.F.s6niJQhkaQM/Lq,user
frsWe9bmMOMIBOBNzsCTew,african_palace_bar_and_grill@demo.com,$2b$12$ZZSaIQdlRp3R9sR1BDD1yO0QclBjrnIdG.QD.F.s6niJQhkaQM/Lq,user
xwSWtJcQkzTF6HNm_IMgcg,rusty's_pizza_parlor@demo.com,$2b$12$ZZSaIQdlRp3R9sR1BDD1yO0QclBjrnIdG.QD.F.s6niJQhkaQM/Lq,user
ejEVU5o5F56e7XIO07xpcA,fox_&_hounds_tavern@demo.com,$2b$12$ZZSaIQdlRp3R9sR1BDD1yO0QclBjrnIdG.QD.F.s6niJQhkaQM/Lq,user
IbndcMURguByburM72o3SA,state_street_kitchen@demo.com,$2b$12$ZZSaIQdlRp3R9sR1BDD1yO0QclBjrnIdG.QD.F.s6niJQhkaQM/Lq,user
1oDLf788824qQh-8Shl3sw,boogyz_donuts@demo.com,$2b$12$ZZSaIQdlRp3R9sR1BDD1yO0QclBjrnIdG.QD.F.s6niJQhkaQM/Lq,user
diwwt5QBU3-Thig9SVlsOA,brew_brothers@demo.com,$2b$12$ZZSaIQdlRp3R9sR1BDD1yO0QclBjrnIdG.QD.F.s6niJQhkaQM/Lq,user
0l_njS4wGMadAk1b4nZRUA,panera_bread@demo.com,$2b$12$ZZSaIQdlRp3R9sR1BDD1yO0QclBjrnIdG.QD.F.s6niJQhkaQM/Lq,user
lB6jIOb1UBATmdfot4KJew,soco's_gyros@demo.com,$2b$12$ZZSaIQdlRp3R9sR1BDD1yO0QclBjrnIdG.QD.F.s6niJQhkaQM/Lq,user
CC7YefPM9zc080JHOKfI1w,xtreme_adventures@demo.com,$2b$12$ZZSaIQdlRp3R9sR1BDD1yO0QclBjrnIdG.QD.F.s6niJQhkaQM/Lq,user
cm0bhBDPM3bjBefmEXa3BQ,nudy's_cafe_-_chadds_ford@demo.com,$2b$12$ZZSaIQdlRp3R9sR1BDD1yO0QclBjrnIdG.QD.F.s6niJQhkaQM/Lq,user
MObScX791gFEwtkoFA9GQg,creekside_inn@demo.com,$2b$12$ZZSaIQdlRp3R9sR1BDD1yO0QclBjrnIdG.QD.F.s6niJQhkaQM/Lq,user
3c9TiufCFT2yXXj3R08Vwg,snellgroves_restaurant@demo.com,$2b$12$ZZSaIQdlRp3R9sR1BDD1yO0QclBjrnIdG.QD.F.s6niJQhkaQM/Lq,user
TJe1ZGe-X0-GjOQd00kKxA,brixx_craft_house@demo.com,$2b$12$ZZSaIQdlRp3R9sR1BDD1yO0QclBjrnIdG.QD.F.s6niJQhkaQM/Lq,user
xHspDrdyq1g27yRDezB5yA,kaiserman_jcc@demo.com,$2b$12$ZZSaIQdlRp3R9sR1BDD1yO0QclBjrnIdG.QD.F.s6niJQhkaQM/Lq,user
HCbJPXWXvwN-C7XfmVy3gA,granite_city_food_&_brewery@demo.com,$2b$12$ZZSaIQdlRp3R9sR1BDD1yO0QclBjrnIdG.QD.F.s6niJQhkaQM/Lq,user
jZoeTGRfhG9n_Jo6VMqwxw,sushi_wasabi@demo.com,$2b$12$ZZSaIQdlRp3R9sR1BDD1yO0QclBjrnIdG.QD.F.s6niJQhkaQM/Lq,user
SBgr-5n-kV3EeZztYsstUQ,locust_lane_craft_brewery@demo.com,$2b$12$ZZSaIQdlRp3R9sR1BDD1yO0QclBjrnIdG.QD.F.s6niJQhkaQM/Lq,user
oSp8B87eQ8droCGiWUERZA,the_moose_music_row@demo.com,$2b$12$ZZSaIQdlRp3R9sR1BDD1yO0QclBjrnIdG.QD.F.s6niJQhkaQM/Lq,user
kGjpBqAqG4mIuFSgU2KKEA,the_royal_indian_cuisine@demo.com,$2b$12$ZZSaIQdlRp3R9sR1BDD1yO0QclBjrnIdG.QD.F.s6niJQhkaQM/Lq,user
kLSEk3qXY1KdtFjxHJ9pww,mcdonald's@demo.com,$2b$12$ZZSaIQdlRp3R9sR1BDD1yO0QclBjrnIdG.QD.F.s6niJQhkaQM/Lq,user
uKEabBQrn0gLzvTppOrKIA,casita_taqueria@demo.com,$2b$12$ZZSaIQdlRp3R9sR1BDD1yO0QclBjrnIdG.QD.F.s6niJQhkaQM/Lq,user
8JEOmVGQffkr6xtn4vvplQ,pita_kebob@demo.com,$2b$12$ZZSaIQdlRp3R9sR1BDD1yO0QclBjrnIdG.QD.F.s6niJQhkaQM/Lq,user
W5tIz4sl1yRW_fOXHoGVzQ,barre3_nashville_-_the_gulch@demo.com,$2b$12$ZZSaIQdlRp3R9sR1BDD1yO0QclBjrnIdG.QD.F.s6niJQhkaQM/Lq,user
cogiJiOXN5fDu7jnkYEkfQ,kroger@demo.com,$2b$12$ZZSaIQdlRp3R9sR1BDD1yO0QclBjrnIdG.QD.F.s6niJQhkaQM/Lq,user
rF0xI_3jjlsEKp3N0Z0BuQ,trattoria_totaro@demo.com,$2b$12$ZZSaIQdlRp3R9sR1BDD1yO0QclBjrnIdG.QD.F.s6niJQhkaQM/Lq,user
qma1sGQv7ArUtzuUTQElRg,katie's_pizza_&_pasta_osteria@demo.com,$2b$12$ZZSaIQdlRp3R9sR1BDD1yO0QclBjrnIdG.QD.F.s6niJQhkaQM/Lq,user
zjQDk4tZyhEroyqtkgvx0g,the_cobblestone_eatery_and_drinkery@demo.com,$2b$12$ZZSaIQdlRp3R9sR1BDD1yO0QclBjrnIdG.QD.F.s6niJQhkaQM/Lq,user
adb1hOYICrJ1Ix8M0sRpbw,kuzina_by_sofia@demo.com,$2b$12$ZZSaIQdlRp3R9sR1BDD1yO0QclBjrnIdG.QD.F.s6niJQhkaQM/Lq,user
EEc3X2r94uNhCz_jOTSzHg,blackrock_brewers@demo.com,$2b$12$ZZSaIQdlRp3R9sR1BDD1yO0QclBjrnIdG.QD.F.s6niJQhkaQM/Lq,user
HxlFnUI9-RNKlKD2zUwzWQ,skippack_sweet_spot@demo.com,$2b$12$ZZSaIQdlRp3R9sR1BDD1yO0QclBjrnIdG.QD.F.s6niJQhkaQM/Lq,user
kfGz2E7Y5FLXJyiKbQYfZg,the_irish_times@demo.com,$2b$12$ZZSaIQdlRp3R9sR1BDD1yO0QclBjrnIdG.QD.F.s6niJQhkaQM/Lq,user
H3JjbID9Zhukpqr9uupHAA,jackson's_bar_&_bistro_-_nashville@demo.com,$2b$12$ZZSaIQdlRp3R9sR1BDD1yO0QclBjrnIdG.QD.F.s6niJQhkaQM/Lq,user
-kY_HDP7IMvGl-kBIZVU4A,dune_coffee_roasters_-_anacapa@demo.com,$2b$12$ZZSaIQdlRp3R9sR1BDD1yO0QclBjrnIdG.QD.F.s6niJQhkaQM/Lq,user
O5zuQH_YowDC-rsK8ZEXCA,tin_drum_asia_cafe@demo.com,$2b$12$ZZSaIQdlRp3R9sR1BDD1yO0QclBjrnIdG.QD.F.s6niJQhkaQM/Lq,user
jsQQu9rVerR3OGxIa0hRQQ,kelly's_taproom@demo.com,$2b$12$ZZSaIQdlRp3R9sR1BDD1yO0QclBjrnIdG.QD.F.s6niJQhkaQM/Lq,user
Hp3Ony7yW60VPuWHQFIIHA,frady's_one_stop_food_store@demo.com,$2b$12$ZZSaIQdlRp3R9sR1BDD1yO0QclBjrnIdG.QD.F.s6niJQhkaQM/Lq,user
UX3eq0WsVva-cqlVrzyzFg,cantina_los_tres_hombres@demo.com,$2b$12$ZZSaIQdlRp3R9sR1BDD1yO0QclBjrnIdG.QD.F.s6niJQhkaQM/Lq,user
Yas-A9Jf07TJCIcgZny04w,china_city_restaurant@demo.com,$2b$12$ZZSaIQdlRp3R9sR1BDD1yO0QclBjrnIdG.QD.F.s6niJQhkaQM/Lq,user
1o_M5JdOkJJFNj1rIDIlng,the_juice_pod@demo.com,$2b$12$ZZSaIQdlRp3R9sR1BDD1yO0QclBjrnIdG.QD.F.s6niJQhkaQM/Lq,user
ZuOtTcUKmthgvhKo7B_-sg,music_city_pub_crawl@demo.com,$2b$12$ZZSaIQdlRp3R9sR1BDD1yO0QclBjrnIdG.QD.F.s6niJQhkaQM/Lq,user
q9dLguaNI58Rs5GJuJAWIg,dead_ringer_analog_bar@demo.com,$2b$12$ZZSaIQdlRp3R9sR1BDD1yO0QclBjrnIdG.QD.F.s6niJQhkaQM/Lq,user
Q-a-DzqRufrPL6EcUDpyag,dierbergs_markets@demo.com,$2b$12$ZZSaIQdlRp3R9sR1BDD1yO0QclBjrnIdG.QD.F.s6niJQhkaQM/Lq,user
hDiCHlTXKGUj1Yh4tq223w,pasquales@demo.com,$2b$12$ZZSaIQdlRp3R9sR1BDD1yO0QclBjrnIdG.QD.F.s6niJQhkaQM/Lq,user
sophKEDc2rBDe-cuOaJDkA,365_caffe_italiano@demo.com,$2b$12$ZZSaIQdlRp3R9sR1BDD1yO0QclBjrnIdG.QD.F.s6niJQhkaQM/Lq,user
18eWJFJbXyR9j_5xfcRLYA,siam_elephant@demo.com,$2b$12$ZZSaIQdlRp3R9sR1BDD1yO0QclBjrnIdG.QD.F.s6niJQhkaQM/Lq,user
vMp55ea__Pk0fYbBDCn6jg,dunkin'@demo.com,$2b$12$ZZSaIQdlRp3R9sR1BDD1yO0QclBjrnIdG.QD.F.s6niJQhkaQM/Lq,user
feVi5a5xZaahs4WsUfi1tw,cvs_pharmacy@demo.com,$2b$12$ZZSaIQdlRp3R9sR1BDD1yO0QclBjrnIdG.QD.F.s6niJQhkaQM/Lq,user
PdMXmOWDRHICAx6SLgu1dQ,24@demo.com,$2b$12$ZZSaIQdlRp3R9sR1BDD1yO0QclBjrnIdG.QD.F.s6niJQhkaQM/Lq,user
KsDY9IYqvumohkp74w5i6A,jersey_mike's_subs@demo.com,$2b$12$ZZSaIQdlRp3R9sR1BDD1yO0QclBjrnIdG.QD.F.s6niJQhkaQM/Lq,user
hK59rATCI9o_rmeQu57RWw,de_ville_coffee_house_&_creperie@demo.com,$2b$12$ZZSaIQdlRp3R9sR1BDD1yO0QclBjrnIdG.QD.F.s6niJQhkaQM/Lq,user
VK5NEKDHnZG8YcAw2JpaWw,spring_hollow_golf_club@demo.com,$2b$12$ZZSaIQdlRp3R9sR1BDD1yO0QclBjrnIdG.QD.F.s6niJQhkaQM/Lq,user
dD2p903p8lU0IgXT3OFluA,edgehill_cafe@demo.com,$2b$12$ZZSaIQdlRp3R9sR1BDD1yO0QclBjrnIdG.QD.F.s6niJQhkaQM/Lq,user
dBCNUSbz5-8nQNrxWo5deg,blue_sage_vegetarian_grille@demo.com,$2b$12$ZZSaIQdlRp3R9sR1BDD1yO0QclBjrnIdG.QD.F.s6niJQhkaQM/Lq,user
zQ3tnBABoypncWu5oW2bKA,huddles_frozen_yogurt@demo.com,$2b$12$ZZSaIQdlRp3R9sR1BDD1yO0QclBjrnIdG.QD.F.s6niJQhkaQM/Lq,user
6mCsrUp9Vl4iXMbOxWtVjA,dosa_hut_indian_grill@demo.com,$2b$12$ZZSaIQdlRp3R9sR1BDD1yO0QclBjrnIdG.QD.F.s6niJQhkaQM/Lq,user
71U7MxQEhwitJOm4CQpRwQ,kelp_sushi_joint@demo.com,$2b$12$ZZSaIQdlRp3R9sR1BDD1yO0QclBjrnIdG.QD.F.s6niJQhkaQM/Lq,user
Mt1FB8hM4XTi3Tk4i0q5gQ,nicola's_pizza@demo.com,$2b$12$ZZSaIQdlRp3R9sR1BDD1yO0QclBjrnIdG.QD.F.s6niJQhkaQM/Lq,user
3vTG6LQyr3obzfvrK1l1hA,7-eleven@demo.com,$2b$12$ZZSaIQdlRp3R9sR1BDD1yO0QclBjrnIdG.QD.F.s6niJQhkaQM/Lq,user
_-SSObHzljeA11HAF0lIrQ,hardee's@demo.com,$2b$12$ZZSaIQdlRp3R9sR1BDD1yO0QclBjrnIdG.QD.F.s6niJQhkaQM/Lq,user
2DsplH_vy4GCcEnVpn0AbA,cafe_olivia@demo.com,$2b$12$ZZSaIQdlRp3R9sR1BDD1yO0QclBjrnIdG.QD.F.s6niJQhkaQM/Lq,user
sWCCxY1-9B1FGlSVeQvnHg,cd_roma_restaurant@demo.com,$2b$12$ZZSaIQdlRp3R9sR1BDD1yO0QclBjrnIdG.QD.F.s6niJQhkaQM/Lq,user
wcpL6sD6jKsBO0tbdK2KEA,mcdonald's@demo.com,$2b$12$ZZSaIQdlRp3R9sR1BDD1yO0QclBjrnIdG.QD.F.s6niJQhkaQM/Lq,user
k6NkyANDoAMSNpa9_VD8IQ,rosa_mezcal@demo.com,$2b$12$ZZSaIQdlRp3R9sR1BDD1yO0QclBjrnIdG.QD.F.s6niJQhkaQM/Lq,user
ZH-D4qbLggBSvwpF0zXrQQ,the_original_pancake_house@demo.com,$2b$12$ZZSaIQdlRp3R9sR1BDD1yO0QclBjrnIdG.QD.F.s6niJQhkaQM/Lq,user
zIDuAuwyaLmNwv4k18mbwA,india_palace@demo.com,$2b$12$ZZSaIQdlRp3R9sR1BDD1yO0QclBjrnIdG.QD.F.s6niJQhkaQM/Lq,user
yQhu3LbnB2gQgrquHZ_S6Q,saladworks@demo.com,$2b$12$ZZSaIQdlRp3R9sR1BDD1yO0QclBjrnIdG.QD.F.s6niJQhkaQM/Lq,user
ZfWVso8VlT0VN14rxVHccQ,candida's_pizza@demo.com,$2b$12$ZZSaIQdlRp3R9sR1BDD1yO0QclBjrnIdG.QD.F.s6niJQhkaQM/Lq,user
CT4QA-J58P-e8KRKeWPrAw,the_ladies_room@demo.com,$2b$12$ZZSaIQdlRp3R9sR1BDD1yO0QclBjrnIdG.QD.F.s6niJQhkaQM/Lq,user
Gki1ureeRKqlIkQ-AELDVg,brugada@demo.com,$2b$12$ZZSaIQdlRp3R9sR1BDD1yO0QclBjrnIdG.QD.F.s6niJQhkaQM/Lq,user
L0-MS0MbQhEWAPLkjCqhpg,o'shucks_seafood_&_grill@demo.com,$2b$12$ZZSaIQdlRp3R9sR1BDD1yO0QclBjrnIdG.QD.F.s6niJQhkaQM/Lq,user
q2N2KLhAeD0c0p-ryI3uDg,hotbox_pizza@demo.com,$2b$12$ZZSaIQdlRp3R9sR1BDD1yO0QclBjrnIdG.QD.F.s6niJQhkaQM/Lq,user
z7sp6u5JnNlq2ziu31EFvw,cvs_optical@demo.com,$2b$12$ZZSaIQdlRp3R9sR1BDD1yO0QclBjrnIdG.QD.F.s6niJQhkaQM/Lq,user
JomDoQafikclSVVCPkWjnA,cedar_park_cafe@demo.com,$2b$12$ZZSaIQdlRp3R9sR1BDD1yO0QclBjrnIdG.QD.F.s6niJQhkaQM/Lq,user
gI34hM-873fwF1XQ8hOaSg,joe’s_pizza_and_pasta@demo.com,$2b$12$ZZSaIQdlRp3R9sR1BDD1yO0QclBjrnIdG.QD.F.s6niJQhkaQM/Lq,user
EjzWyITI75CKSKb6RGCG_Q,sonny's_bbq@demo.com,$2b$12$ZZSaIQdlRp3R9sR1BDD1yO0QclBjrnIdG.QD.F.s6niJQhkaQM/Lq,user
1ddqdY_piKp-abaZ-bGRSA,crescent_city_steak_house@demo.com,$2b$12$ZZSaIQdlRp3R9sR1BDD1yO0QclBjrnIdG.QD.F.s6niJQhkaQM/Lq,user
fI8kWao4ejLDDGgWNxKiHw,edible_arrangements@demo.com,$2b$12$ZZSaIQdlRp3R9sR1BDD1yO0QclBjrnIdG.QD.F.s6niJQhkaQM/Lq,user
clOOOBYvd1aUcFxA9uhFjQ,tony_sopranos_pizza@demo.com,$2b$12$ZZSaIQdlRp3R9sR1BDD1yO0QclBjrnIdG.QD.F.s6niJQhkaQM/Lq,user
lCBLhf37pnkyZ-1MWNF3ag,gandolfo's_new_york_deli@demo.com,$2b$12$ZZSaIQdlRp3R9sR1BDD1yO0QclBjrnIdG.QD.F.s6niJQhkaQM/Lq,user
l7gFSHojInQCglAVbv2_FQ,tony_luke's@demo.com,$2b$12$ZZSaIQdlRp3R9sR1BDD1yO0QclBjrnIdG.QD.F.s6niJQhkaQM/Lq,user
RuBWR6CAgVi7iWR8LHUi6A,lee_house@demo.com,$2b$12$ZZSaIQdlRp3R9sR1BDD1yO0QclBjrnIdG.QD.F.s6niJQhkaQM/Lq,user
gl9APAes1BYYt_8UsDVsPg,ted's_luncheonette@demo.com,$2b$12$ZZSaIQdlRp3R9sR1BDD1yO0QclBjrnIdG.QD.F.s6niJQhkaQM/Lq,user
gyUBYwpUO_u0nqZdre4l1g,shanghai_express@demo.com,$2b$12$ZZSaIQdlRp3R9sR1BDD1yO0QclBjrnIdG.QD.F.s6niJQhkaQM/Lq,user
QBOi5JU-ydZEPTJBm9hxaw,wyoming_barber_shop@demo.com,$2b$12$ZZSaIQdlRp3R9sR1BDD1yO0QclBjrnIdG.QD.F.s6niJQhkaQM/Lq,user
wMyHVb54Ne9SNasa4kjOCg,carnivore@demo.com,$2b$12$ZZSaIQdlRp3R9sR1BDD1yO0QclBjrnIdG.QD.F.s6niJQhkaQM/Lq,user
F6hASqb_Z5ASXz0-pZFlfA,edible_arrangements@demo.com,$2b$12$ZZSaIQdlRp3R9sR1BDD1yO0QclBjrnIdG.QD.F.s6niJQhkaQM/Lq,user
4FaYG9qKDpDyr68bKmaIEw,capitol_cellars@demo.com,$2b$12$ZZSaIQdlRp3R9sR1BDD1yO0QclBjrnIdG.QD.F.s6niJQhkaQM/Lq,user
rqaIe-61HKlWaGYmVwlw8Q,petite_4@demo.com,$2b$12$ZZSaIQdlRp3R9sR1BDD1yO0QclBjrnIdG.QD.F.s6niJQhkaQM/Lq,user
kq5Ghhh14r-eCxlVmlyd8w,the_coventry_deli@demo.com,$2b$12$ZZSaIQdlRp3R9sR1BDD1yO0QclBjrnIdG.QD.F.s6niJQhkaQM/Lq,user
yUcMPv-B9gCUUNT-GUiJbw,the_flagpole_nola@demo.com,$2b$12$ZZSaIQdlRp3R9sR1BDD1yO0QclBjrnIdG.QD.F.s6niJQhkaQM/Lq,user
pP4q0Mym-qt20nRqTKbzhQ,morton's_the_steakhouse@demo.com,$2b$12$ZZSaIQdlRp3R9sR1BDD1yO0QclBjrnIdG.QD.F.s6niJQhkaQM/Lq,user
3_y-iyx2kXmhdgVOZHvm4g,mccaffrey's_supermarket@demo.com,$2b$12$ZZSaIQdlRp3R9sR1BDD1yO0QclBjrnIdG.QD.F.s6niJQhkaQM/Lq,user
lPuL8YgBHLhwaVp8ubMOFw,dekalb_produce@demo.com,$2b$12$ZZSaIQdlRp3R9sR1BDD1yO0QclBjrnIdG.QD.F.s6niJQhkaQM/Lq,user
MC5pczUOBUN-0MtJAYk46Q,cupcake_fairies@demo.com,$2b$12$ZZSaIQdlRp3R9sR1BDD1yO0QclBjrnIdG.QD.F.s6niJQhkaQM/Lq,user
7Ct4QuWaY63DkAOXqEiVGA,hong_kong_chinese_restaurant@demo.com,$2b$12$ZZSaIQdlRp3R9sR1BDD1yO0QclBjrnIdG.QD.F.s6niJQhkaQM/Lq,user
Wc-c_hQK4vFCl9keeVTUZw,felix's_restaurant_&_oyster_bar@demo.com,$2b$12$ZZSaIQdlRp3R9sR1BDD1yO0QclBjrnIdG.QD.F.s6niJQhkaQM/Lq,user
c6xOzTbNqD-1g9PoxAh4DQ,the_wine_loft@demo.com,$2b$12$ZZSaIQdlRp3R9sR1BDD1yO0QclBjrnIdG.QD.F.s6niJQhkaQM/Lq,user
YhQAQhG1IkXJH7oLZMbM9w,del_taco@demo.com,$2b$12$ZZSaIQdlRp3R9sR1BDD1yO0QclBjrnIdG.QD.F.s6niJQhkaQM/Lq,user
qMmEEvmRvcyJUD5SrKNCtA,king_ribs_bar-b-q@demo.com,$2b$12$ZZSaIQdlRp3R9sR1BDD1yO0QclBjrnIdG.QD.F.s6niJQhkaQM/Lq,user
Ei0wJeADbNtwvA9CrvknJw,cocco's_gelateria@demo.com,$2b$12$ZZSaIQdlRp3R9sR1BDD1yO0QclBjrnIdG.QD.F.s6niJQhkaQM/Lq,user
qS4CaO_u_vMrTl31XJto1A,szechuan_paramount_restaurant@demo.com,$2b$12$ZZSaIQdlRp3R9sR1BDD1yO0QclBjrnIdG.QD.F.s6niJQhkaQM/Lq,user
NVpbPRDvfwjb85CJwWE0nQ,china_wok@demo.com,$2b$12$ZZSaIQdlRp3R9sR1BDD1yO0QclBjrnIdG.QD.F.s6niJQhkaQM/Lq,user
LVteL0Rnh2E_yOFCLJUPhg,double_decker_pizza_-_media@demo.com,$2b$12$ZZSaIQdlRp3R9sR1BDD1yO0QclBjrnIdG.QD.F.s6niJQhkaQM/Lq,user
HjLYCBxJti8V-hsP_yVZ3w,taj_mahal_homestyle_indian_&_pakistani_cuisine@demo.com,$2b$12$ZZSaIQdlRp3R9sR1BDD1yO0QclBjrnIdG.QD.F.s6niJQhkaQM/Lq,user
Iuir7lUtx-LMhYtStwyf3Q,another_broken_egg_cafe@demo.com,$2b$12$ZZSaIQdlRp3R9sR1BDD1yO0QclBjrnIdG.QD.F.s6niJQhkaQM/Lq,user
vVm2qH6n4tWzN_qv6PBIVw,the_humming_bird_jerk_house@demo.com,$2b$12$ZZSaIQdlRp3R9sR1BDD1yO0QclBjrnIdG.QD.F.s6niJQhkaQM/Lq,user
skN2XhKXlcjf53uIwzAedw,burger_up_-_franklin@demo.com,$2b$12$ZZSaIQdlRp3R9sR1BDD1yO0QclBjrnIdG.QD.F.s6niJQhkaQM/Lq,user
QN7JpoH3Qu-Y-EhXdxrkMQ,fleur-de-lys_mansion@demo.com,$2b$12$ZZSaIQdlRp3R9sR1BDD1yO0QclBjrnIdG.QD.F.s6niJQhkaQM/Lq,user
nePPSHdai8L7aWmXwOZHEg,stokehold_restaurant@demo.com,$2b$12$ZZSaIQdlRp3R9sR1BDD1yO0QclBjrnIdG.QD.F.s6niJQhkaQM/Lq,user
vLT1KtrA9bWvjFOg-0xVIg,pieology_pizzeria@demo.com,$2b$12$ZZSaIQdlRp3R9sR1BDD1yO0QclBjrnIdG.QD.F.s6niJQhkaQM/Lq,user
y1HgVnt4K5owmYXC5yXLGg,flambo_caribbean_restaurant@demo.com,$2b$12$ZZSaIQdlRp3R9sR1BDD1yO0QclBjrnIdG.QD.F.s6niJQhkaQM/Lq,user
jBCgQ6nZDsMCWU7eaSxOpw,whaley's_blazin_bbq@demo.com,$2b$12$ZZSaIQdlRp3R9sR1BDD1yO0QclBjrnIdG.QD.F.s6niJQhkaQM/Lq,user
hfN3l0gJ-XszD1XFGNvA6A,akira@demo.com,$2b$12$ZZSaIQdlRp3R9sR1BDD1yO0QclBjrnIdG.QD.F.s6niJQhkaQM/Lq,user
vo12FJ4dAdP8Jr4ctFYRkg,painturo's@demo.com,$2b$12$ZZSaIQdlRp3R9sR1BDD1yO0QclBjrnIdG.QD.F.s6niJQhkaQM/Lq,user
8P7YOM9ThhTvLqXfSWRcRA,noodles_&_company@demo.com,$2b$12$ZZSaIQdlRp3R9sR1BDD1yO0QclBjrnIdG.QD.F.s6niJQhkaQM/Lq,user
I2CxrvM0BGH1svfxqGGD2g,m.l.rose_craft_beer_&_burgers_-_melrose@demo.com,$2b$12$ZZSaIQdlRp3R9sR1BDD1yO0QclBjrnIdG.QD.F.s6niJQhkaQM/Lq,user
RrqRin8BYGrTlJbCDwtLzA,wawa@demo.com,$2b$12$ZZSaIQdlRp3R9sR1BDD1yO0QclBjrnIdG.QD.F.s6niJQhkaQM/Lq,user
-ujBP1Dw0j1-Ffaz97-LXQ,lama_dog_tap_room@demo.com,$2b$12$ZZSaIQdlRp3R9sR1BDD1yO0QclBjrnIdG.QD.F.s6niJQhkaQM/Lq,user
Nolwnmtnt5QeDGlS0bsCGQ,five_guys@demo.com,$2b$12$ZZSaIQdlRp3R9sR1BDD1yO0QclBjrnIdG.QD.F.s6niJQhkaQM/Lq,user
IrDV880tvqNdP9RyYtu2ew,g_&_l_import_export@demo.com,$2b$12$ZZSaIQdlRp3R9sR1BDD1yO0QclBjrnIdG.QD.F.s6niJQhkaQM/Lq,user
IgNDlyLERBwFGphgcC5VDQ,cosi@demo.com,$2b$12$ZZSaIQdlRp3R9sR1BDD1yO0QclBjrnIdG.QD.F.s6niJQhkaQM/Lq,user
BIJz39GnlrVUhrWPiWGECQ,aldi@demo.com,$2b$12$ZZSaIQdlRp3R9sR1BDD1yO0QclBjrnIdG.QD.F.s6niJQhkaQM/Lq,user
wUEbysNWCtMSQAio6Ktn6Q,lucianis_pizzeria_&_grill@demo.com,$2b$12$ZZSaIQdlRp3R9sR1BDD1yO0QclBjrnIdG.QD.F.s6niJQhkaQM/Lq,user
QpPc51mH86xyrRmnFijpTQ,kávé_express@demo.com,$2b$12$ZZSaIQdlRp3R9sR1BDD1yO0QclBjrnIdG.QD.F.s6niJQhkaQM/Lq,user
W4ZEKkva9HpAdZG88juwyQ,mr._b's_bistro@demo.com,$2b$12$ZZSaIQdlRp3R9sR1BDD1yO0QclBjrnIdG.QD.F.s6niJQhkaQM/Lq,user
sZyBB8wv0O1We1x40-Edug,dunkin'@demo.com,$2b$12$ZZSaIQdlRp3R9sR1BDD1yO0QclBjrnIdG.QD.F.s6niJQhkaQM/Lq,user
3swM60bulnut1d4AZti80Q,rockabilly_grill@demo.com,$2b$12$ZZSaIQdlRp3R9sR1BDD1yO0QclBjrnIdG.QD.F.s6niJQhkaQM/Lq,user
4fUok5d5vgdQEb1Bzzg0rA,olive_garden_italian_restaurant@demo.com,$2b$12$ZZSaIQdlRp3R9sR1BDD1yO0QclBjrnIdG.QD.F.s6niJQhkaQM/Lq,user
AKFahOtdDQA7NVXZyDajCA,trader_joe's@demo.com,$2b$12$ZZSaIQdlRp3R9sR1BDD1yO0QclBjrnIdG.QD.F.s6niJQhkaQM/Lq,user
bdth7r1brx9yRU7sYwF9jQ,nippon_tei@demo.com,$2b$12$ZZSaIQdlRp3R9sR1BDD1yO0QclBjrnIdG.QD.F.s6niJQhkaQM/Lq,user
5cz1XbgalpQ89gsNQwneVQ,portofino's_italian_kitchen@demo.com,$2b$12$ZZSaIQdlRp3R9sR1BDD1yO0QclBjrnIdG.QD.F.s6niJQhkaQM/Lq,user
rBE5TT_ndOOczNBrbRnJwA,dio_modern_mediteranean@demo.com,$2b$12$ZZSaIQdlRp3R9sR1BDD1yO0QclBjrnIdG.QD.F.s6niJQhkaQM/Lq,user
nX7aULcuP15c6ntE1ml7Wg,donelson_pub@demo.com,$2b$12$ZZSaIQdlRp3R9sR1BDD1yO0QclBjrnIdG.QD.F.s6niJQhkaQM/Lq,user
oRZzKWdyMQld6N_y4UWkAg,terra_sur_cafe@demo.com,$2b$12$ZZSaIQdlRp3R9sR1BDD1yO0QclBjrnIdG.QD.F.s6niJQhkaQM/Lq,user
biGIDbCGsAZJ-Y4zyV_b_A,taza_mediterranean_grill@demo.com,$2b$12$ZZSaIQdlRp3R9sR1BDD1yO0QclBjrnIdG.QD.F.s6niJQhkaQM/Lq,user
SSZDGl2J-CEyIzuIbEiYNQ,caleco's_bar_&_grill@demo.com,$2b$12$ZZSaIQdlRp3R9sR1BDD1yO0QclBjrnIdG.QD.F.s6niJQhkaQM/Lq,user
8mElCveTpsBGuu9zOdLXbQ,dream_tea_house@demo.com,$2b$12$ZZSaIQdlRp3R9sR1BDD1yO0QclBjrnIdG.QD.F.s6niJQhkaQM/Lq,user
LKGlZW0mmuoXvKB04FSP-A,crab_du_jour@demo.com,$2b$12$ZZSaIQdlRp3R9sR1BDD1yO0QclBjrnIdG.QD.F.s6niJQhkaQM/Lq,user
dUctvEfHQccW_uxtRup2QQ,tsunami_japanese_steakhouse@demo.com,$2b$12$ZZSaIQdlRp3R9sR1BDD1yO0QclBjrnIdG.QD.F.s6niJQhkaQM/Lq,user
ByTZJsTDDhvOYKCj7uoy4w,rumours_wine_and_art_bar@demo.com,$2b$12$ZZSaIQdlRp3R9sR1BDD1yO0QclBjrnIdG.QD.F.s6niJQhkaQM/Lq,user
qWZimITbVwNSGJZsuM47-Q,pho_orchid_uptown@demo.com,$2b$12$ZZSaIQdlRp3R9sR1BDD1yO0QclBjrnIdG.QD.F.s6niJQhkaQM/Lq,user
o05ngJ6BY1rztemFazViBw,the_mona_lisa_lounge@demo.com,$2b$12$ZZSaIQdlRp3R9sR1BDD1yO0QclBjrnIdG.QD.F.s6niJQhkaQM/Lq,user
L_sXNadtVHjxMw7Yhvkj9Q,naoki_ramen@demo.com,$2b$12$ZZSaIQdlRp3R9sR1BDD1yO0QclBjrnIdG.QD.F.s6niJQhkaQM/Lq,user
RJPRi1pwocHNZr9ISz_P-A,national_underground@demo.com,$2b$12$ZZSaIQdlRp3R9sR1BDD1yO0QclBjrnIdG.QD.F.s6niJQhkaQM/Lq,user
micimc15zJloGJaktAHBsQ,nacho_mama's_mexican_grill@demo.com,$2b$12$ZZSaIQdlRp3R9sR1BDD1yO0QclBjrnIdG.QD.F.s6niJQhkaQM/Lq,user
8YdvaCDx8SQvuZCUyR2mkg,schnucks_-_woods_mill@demo.com,$2b$12$ZZSaIQdlRp3R9sR1BDD1yO0QclBjrnIdG.QD.F.s6niJQhkaQM/Lq,user
CjkxTRergWcYWb4SVW3gxw,smokin'_out@demo.com,$2b$12$ZZSaIQdlRp3R9sR1BDD1yO0QclBjrnIdG.QD.F.s6niJQhkaQM/Lq,user
*,admin@demo.com,$2b$12$ZZSaIQdlRp3R9sR1BDD1yO0QclBjrnIdG.QD.F.s6niJQhkaQM/Lq,admin
